<?xml version="1.0" encoding="UTF-8" standalone="yes"?>
<addon id="xbmc.repository.hautopc" name="HauToPC Add-ons" version="1.1.1" provider-name="Pynto R (r.pynto@gmail.com) | logo: BerruXXo (b-berrucho@sapo.pt)">
	<extension point="xbmc.addon.repository" name="HauToPC Add-ons">
		<info compressed="false">http://hautopc.googlecode.com/svn/trunk/xbmc/repository/addons.xml</info>
		<checksum>http://hautopc.googlecode.com/svn/trunk/xbmc/repository/addons.xml.md5</checksum>
		<datadir zip="false">http://hautopc.googlecode.com/svn/trunk/xbmc/repository/</datadir>
	</extension>
	<extension point="xbmc.addon.metadata">
		<summary>HauToPC project</summary>
		<description>HauToPC project Add-ons for XBMC</description>
		<disclaimer>beta</disclaimer>
		<platform>all</platform>
	</extension>
</addon>
